minor_nt,major_nt,severe_nt,storm_status,quiet_status,storm_detection_rate,missed_global_event_rate,under_reacting_rate,mean_abs_level_error,storm_validation_yield,quiet_false_alarm_rate,quiet_validation_yield,composite_score
30,80,150,ok,ok,0.8477777777777777,0.12407407407407407,0.1437908496732026,0.5860713037399511,0.9678819444444444,0.001388888888888889,1.0,0.9170335824009208
30,80,200,ok,ok,0.8477777777777777,0.12407407407407407,0.1437908496732026,0.5860713037399511,0.9678819444444444,0.001388888888888889,1.0,0.9170335824009208
30,80,250,ok,ok,0.8477777777777777,0.12407407407407407,0.1437908496732026,0.5860713037399511,0.9678819444444444,0.001388888888888889,1.0,0.9170335824009208
30,80,300,ok,ok,0.8477777777777777,0.12407407407407407,0.1437908496732026,0.5860713037399511,0.9678819444444444,0.001388888888888889,1.0,0.9170335824009208
30,80,350,ok,ok,0.8477777777777777,0.12407407407407407,0.1437908496732026,0.5860713037399511,0.9678819444444444,0.001388888888888889,1.0,0.9170335824009208
30,80,400,ok,ok,0.8477777777777777,0.12407407407407407,0.1437908496732026,0.5860713037399511,0.9678819444444444,0.001388888888888889,1.0,0.9170335824009208
30,80,500,ok,ok,0.8477777777777777,0.12407407407407407,0.1437908496732026,0.5860713037399511,0.9678819444444444,0.001388888888888889,1.0,0.9170335824009208
30,100,150,ok,ok,0.8477777777777777,0.12407407407407407,0.1437908496732026,0.5664103460328557,0.9769965277777778,0.001388888888888889,1.0,0.9170335824009208
30,100,200,ok,ok,0.8477777777777777,0.12407407407407407,0.1437908496732026,0.5664103460328557,0.9769965277777778,0.001388888888888889,1.0,0.9170335824009208
30,100,250,ok,ok,0.8477777777777777,0.12407407407407407,0.1437908496732026,0.5664103460328557,0.9769965277777778,0.001388888888888889,1.0,0.9170335824009208
30,100,300,ok,ok,0.8477777777777777,0.12407407407407407,0.1437908496732026,0.5664103460328557,0.9769965277777778,0.001388888888888889,1.0,0.9170335824009208
30,100,350,ok,ok,0.8477777777777777,0.12407407407407407,0.1437908496732026,0.5664103460328557,0.9769965277777778,0.001388888888888889,1.0,0.9170335824009208
30,100,400,ok,ok,0.8477777777777777,0.12407407407407407,0.1437908496732026,0.5664103460328557,0.9769965277777778,0.001388888888888889,1.0,0.9170335824009208
30,100,500,ok,ok,0.8477777777777777,0.12407407407407407,0.1437908496732026,0.5664103460328557,0.9769965277777778,0.001388888888888889,1.0,0.9170335824009208
30,120,150,ok,ok,0.8477777777777777,0.12407407407407407,0.1437908496732026,0.5615169521146453,0.9782986111111112,0.001388888888888889,1.0,0.9170335824009208
30,120,200,ok,ok,0.8477777777777777,0.12407407407407407,0.1437908496732026,0.5615169521146453,0.9782986111111112,0.001388888888888889,1.0,0.9170335824009208
30,120,250,ok,ok,0.8477777777777777,0.12407407407407407,0.1437908496732026,0.5615169521146453,0.9782986111111112,0.001388888888888889,1.0,0.9170335824009208
30,120,300,ok,ok,0.8477777777777777,0.12407407407407407,0.1437908496732026,0.5615169521146453,0.9782986111111112,0.001388888888888889,1.0,0.9170335824009208
30,120,350,ok,ok,0.8477777777777777,0.12407407407407407,0.1437908496732026,0.5615169521146453,0.9782986111111112,0.001388888888888889,1.0,0.9170335824009208
30,120,400,ok,ok,0.8477777777777777,0.12407407407407407,0.1437908496732026,0.5615169521146453,0.9782986111111112,0.001388888888888889,1.0,0.9170335824009208
30,120,500,ok,ok,0.8477777777777777,0.12407407407407407,0.1437908496732026,0.5615169521146453,0.9782986111111112,0.001388888888888889,1.0,0.9170335824009208
30,140,150,ok,ok,0.8477777777777777,0.12407407407407407,0.1437908496732026,0.5631772107654667,0.9782986111111112,0.001388888888888889,1.0,0.9170335824009208
30,140,200,ok,ok,0.8477777777777777,0.12407407407407407,0.1437908496732026,0.5631772107654667,0.9782986111111112,0.001388888888888889,1.0,0.9170335824009208
30,140,250,ok,ok,0.8477777777777777,0.12407407407407407,0.1437908496732026,0.5631772107654667,0.9782986111111112,0.001388888888888889,1.0,0.9170335824009208
30,140,300,ok,ok,0.8477777777777777,0.12407407407407407,0.1437908496732026,0.5631772107654667,0.9782986111111112,0.001388888888888889,1.0,0.9170335824009208
30,140,350,ok,ok,0.8477777777777777,0.12407407407407407,0.1437908496732026,0.5631772107654667,0.9782986111111112,0.001388888888888889,1.0,0.9170335824009208
30,140,400,ok,ok,0.8477777777777777,0.12407407407407407,0.1437908496732026,0.5631772107654667,0.9782986111111112,0.001388888888888889,1.0,0.9170335824009208
30,140,500,ok,ok,0.8477777777777777,0.12407407407407407,0.1437908496732026,0.5631772107654667,0.9782986111111112,0.001388888888888889,1.0,0.9170335824009208
30,160,200,ok,ok,0.8477777777777777,0.12407407407407407,0.1437908496732026,0.5657986717930793,0.9782986111111112,0.001388888888888889,1.0,0.9170335824009208
30,160,250,ok,ok,0.8477777777777777,0.12407407407407407,0.1437908496732026,0.5657986717930793,0.9782986111111112,0.001388888888888889,1.0,0.9170335824009208
30,160,300,ok,ok,0.8477777777777777,0.12407407407407407,0.1437908496732026,0.5657986717930793,0.9782986111111112,0.001388888888888889,1.0,0.9170335824009208
30,160,350,ok,ok,0.8477777777777777,0.12407407407407407,0.1437908496732026,0.5657986717930793,0.9782986111111112,0.001388888888888889,1.0,0.9170335824009208
30,160,400,ok,ok,0.8477777777777777,0.12407407407407407,0.1437908496732026,0.5657986717930793,0.9782986111111112,0.001388888888888889,1.0,0.9170335824009208
30,160,500,ok,ok,0.8477777777777777,0.12407407407407407,0.1437908496732026,0.5657986717930793,0.9782986111111112,0.001388888888888889,1.0,0.9170335824009208
30,180,200,ok,ok,0.8477777777777777,0.12407407407407407,0.1437908496732026,0.5688570429919608,0.9782986111111112,0.001388888888888889,1.0,0.9170335824009208
30,180,250,ok,ok,0.8477777777777777,0.12407407407407407,0.1437908496732026,0.5688570429919608,0.9782986111111112,0.001388888888888889,1.0,0.9170335824009208
30,180,300,ok,ok,0.8477777777777777,0.12407407407407407,0.1437908496732026,0.5688570429919608,0.9782986111111112,0.001388888888888889,1.0,0.9170335824009208
30,180,350,ok,ok,0.8477777777777777,0.12407407407407407,0.1437908496732026,0.5688570429919608,0.9782986111111112,0.001388888888888889,1.0,0.9170335824009208
30,180,400,ok,ok,0.8477777777777777,0.12407407407407407,0.1437908496732026,0.5688570429919608,0.9782986111111112,0.001388888888888889,1.0,0.9170335824009208
30,180,500,ok,ok,0.8477777777777777,0.12407407407407407,0.1437908496732026,0.5688570429919608,0.9782986111111112,0.001388888888888889,1.0,0.9170335824009208
30,200,250,ok,ok,0.8477777777777777,0.12407407407407407,0.1437908496732026,0.5718280321565886,0.9782986111111112,0.001388888888888889,1.0,0.9170335824009208
30,200,300,ok,ok,0.8477777777777777,0.12407407407407407,0.1437908496732026,0.5718280321565886,0.9782986111111112,0.001388888888888889,1.0,0.9170335824009208
30,200,350,ok,ok,0.8477777777777777,0.12407407407407407,0.1437908496732026,0.5718280321565886,0.9782986111111112,0.001388888888888889,1.0,0.9170335824009208
30,200,400,ok,ok,0.8477777777777777,0.12407407407407407,0.1437908496732026,0.5718280321565886,0.9782986111111112,0.001388888888888889,1.0,0.9170335824009208
30,200,500,ok,ok,0.8477777777777777,0.12407407407407407,0.1437908496732026,0.5718280321565886,0.9782986111111112,0.001388888888888889,1.0,0.9170335824009208
30,250,300,ok,ok,0.8477777777777777,0.12407407407407407,0.1437908496732026,0.5817895840615169,0.9782986111111112,0.001388888888888889,1.0,0.9170335824009208
30,250,350,ok,ok,0.8477777777777777,0.12407407407407407,0.1437908496732026,0.5817895840615169,0.9782986111111112,0.001388888888888889,1.0,0.9170335824009208
30,250,400,ok,ok,0.8477777777777777,0.12407407407407407,0.1437908496732026,0.5817895840615169,0.9782986111111112,0.001388888888888889,1.0,0.9170335824009208
30,250,500,ok,ok,0.8477777777777777,0.12407407407407407,0.1437908496732026,0.5817895840615169,0.9782986111111112,0.001388888888888889,1.0,0.9170335824009208
40,80,150,ok,ok,0.8114814814814815,0.14,0.16013071895424835,0.5613421880461377,0.9678819444444444,0.0,1.0,0.8959313023916542
40,80,200,ok,ok,0.8114814814814815,0.14,0.16013071895424835,0.5613421880461377,0.9678819444444444,0.0,1.0,0.8959313023916542
40,80,250,ok,ok,0.8114814814814815,0.14,0.16013071895424835,0.5613421880461377,0.9678819444444444,0.0,1.0,0.8959313023916542
40,80,300,ok,ok,0.8114814814814815,0.14,0.16013071895424835,0.5613421880461377,0.9678819444444444,0.0,1.0,0.8959313023916542
40,80,350,ok,ok,0.8114814814814815,0.14,0.16013071895424835,0.5613421880461377,0.9678819444444444,0.0,1.0,0.8959313023916542
40,80,400,ok,ok,0.8114814814814815,0.14,0.16013071895424835,0.5613421880461377,0.9678819444444444,0.0,1.0,0.8959313023916542
40,80,500,ok,ok,0.8114814814814815,0.14,0.16013071895424835,0.5613421880461377,0.9678819444444444,0.0,1.0,0.8959313023916542
40,100,150,ok,ok,0.8114814814814815,0.14,0.16013071895424835,0.5416812303390423,0.9769965277777778,0.0,1.0,0.8959313023916542
40,100,200,ok,ok,0.8114814814814815,0.14,0.16013071895424835,0.5416812303390423,0.9769965277777778,0.0,1.0,0.8959313023916542
40,100,250,ok,ok,0.8114814814814815,0.14,0.16013071895424835,0.5416812303390423,0.9769965277777778,0.0,1.0,0.8959313023916542
40,100,300,ok,ok,0.8114814814814815,0.14,0.16013071895424835,0.5416812303390423,0.9769965277777778,0.0,1.0,0.8959313023916542
40,100,350,ok,ok,0.8114814814814815,0.14,0.16013071895424835,0.5416812303390423,0.9769965277777778,0.0,1.0,0.8959313023916542
40,100,400,ok,ok,0.8114814814814815,0.14,0.16013071895424835,0.5416812303390423,0.9769965277777778,0.0,1.0,0.8959313023916542
40,100,500,ok,ok,0.8114814814814815,0.14,0.16013071895424835,0.5416812303390423,0.9769965277777778,0.0,1.0,0.8959313023916542
40,120,150,ok,ok,0.8114814814814815,0.14,0.16013071895424835,0.5367878364208318,0.9782986111111112,0.0,1.0,0.8959313023916542
40,120,200,ok,ok,0.8114814814814815,0.14,0.16013071895424835,0.5367878364208318,0.9782986111111112,0.0,1.0,0.8959313023916542
40,120,250,ok,ok,0.8114814814814815,0.14,0.16013071895424835,0.5367878364208318,0.9782986111111112,0.0,1.0,0.8959313023916542
40,120,300,ok,ok,0.8114814814814815,0.14,0.16013071895424835,0.5367878364208318,0.9782986111111112,0.0,1.0,0.8959313023916542
40,120,350,ok,ok,0.8114814814814815,0.14,0.16013071895424835,0.5367878364208318,0.9782986111111112,0.0,1.0,0.8959313023916542
40,120,400,ok,ok,0.8114814814814815,0.14,0.16013071895424835,0.5367878364208318,0.9782986111111112,0.0,1.0,0.8959313023916542
40,120,500,ok,ok,0.8114814814814815,0.14,0.16013071895424835,0.5367878364208318,0.9782986111111112,0.0,1.0,0.8959313023916542
40,140,150,ok,ok,0.8114814814814815,0.14,0.16013071895424835,0.5384480950716533,0.9782986111111112,0.0,1.0,0.8959313023916542
40,140,200,ok,ok,0.8114814814814815,0.14,0.16013071895424835,0.5384480950716533,0.9782986111111112,0.0,1.0,0.8959313023916542
40,140,250,ok,ok,0.8114814814814815,0.14,0.16013071895424835,0.5384480950716533,0.9782986111111112,0.0,1.0,0.8959313023916542
40,140,300,ok,ok,0.8114814814814815,0.14,0.16013071895424835,0.5384480950716533,0.9782986111111112,0.0,1.0,0.8959313023916542
40,140,350,ok,ok,0.8114814814814815,0.14,0.16013071895424835,0.5384480950716533,0.9782986111111112,0.0,1.0,0.8959313023916542
40,140,400,ok,ok,0.8114814814814815,0.14,0.16013071895424835,0.5384480950716533,0.9782986111111112,0.0,1.0,0.8959313023916542
40,140,500,ok,ok,0.8114814814814815,0.14,0.16013071895424835,0.5384480950716533,0.9782986111111112,0.0,1.0,0.8959313023916542
40,160,200,ok,ok,0.8114814814814815,0.14,0.16013071895424835,0.541069556099266,0.9782986111111112,0.0,1.0,0.8959313023916542
40,160,250,ok,ok,0.8114814814814815,0.14,0.16013071895424835,0.541069556099266,0.9782986111111112,0.0,1.0,0.8959313023916542
40,160,300,ok,ok,0.8114814814814815,0.14,0.16013071895424835,0.541069556099266,0.9782986111111112,0.0,1.0,0.8959313023916542
40,160,350,ok,ok,0.8114814814814815,0.14,0.16013071895424835,0.541069556099266,0.9782986111111112,0.0,1.0,0.8959313023916542
40,160,400,ok,ok,0.8114814814814815,0.14,0.16013071895424835,0.541069556099266,0.9782986111111112,0.0,1.0,0.8959313023916542
40,160,500,ok,ok,0.8114814814814815,0.14,0.16013071895424835,0.541069556099266,0.9782986111111112,0.0,1.0,0.8959313023916542
40,180,200,ok,ok,0.8114814814814815,0.14,0.16013071895424835,0.5441279272981475,0.9782986111111112,0.0,1.0,0.8959313023916542
40,180,250,ok,ok,0.8114814814814815,0.14,0.16013071895424835,0.5441279272981475,0.9782986111111112,0.0,1.0,0.8959313023916542
40,180,300,ok,ok,0.8114814814814815,0.14,0.16013071895424835,0.5441279272981475,0.9782986111111112,0.0,1.0,0.8959313023916542
40,180,350,ok,ok,0.8114814814814815,0.14,0.16013071895424835,0.5441279272981475,0.9782986111111112,0.0,1.0,0.8959313023916542
40,180,400,ok,ok,0.8114814814814815,0.14,0.16013071895424835,0.5441279272981475,0.9782986111111112,0.0,1.0,0.8959313023916542
40,180,500,ok,ok,0.8114814814814815,0.14,0.16013071895424835,0.5441279272981475,0.9782986111111112,0.0,1.0,0.8959313023916542
40,200,250,ok,ok,0.8114814814814815,0.14,0.16013071895424835,0.5470989164627753,0.9782986111111112,0.0,1.0,0.8959313023916542
40,200,300,ok,ok,0.8114814814814815,0.14,0.16013071895424835,0.5470989164627753,0.9782986111111112,0.0,1.0,0.8959313023916542
40,200,350,ok,ok,0.8114814814814815,0.14,0.16013071895424835,0.5470989164627753,0.9782986111111112,0.0,1.0,0.8959313023916542
40,200,400,ok,ok,0.8114814814814815,0.14,0.16013071895424835,0.5470989164627753,0.9782986111111112,0.0,1.0,0.8959313023916542
40,200,500,ok,ok,0.8114814814814815,0.14,0.16013071895424835,0.5470989164627753,0.9782986111111112,0.0,1.0,0.8959313023916542
40,250,300,ok,ok,0.8114814814814815,0.14,0.16013071895424835,0.5570604683677036,0.9782986111111112,0.0,1.0,0.8959313023916542
40,250,350,ok,ok,0.8114814814814815,0.14,0.16013071895424835,0.5570604683677036,0.9782986111111112,0.0,1.0,0.8959313023916542
40,250,400,ok,ok,0.8114814814814815,0.14,0.16013071895424835,0.5570604683677036,0.9782986111111112,0.0,1.0,0.8959313023916542
40,250,500,ok,ok,0.8114814814814815,0.14,0.16013071895424835,0.5570604683677036,0.9782986111111112,0.0,1.0,0.8959313023916542
50,80,150,ok,ok,0.7692592592592593,0.14,0.16013071895424835,0.5304963299545613,0.9678819444444444,0.0,1.0,0.8695834205563433
50,80,200,ok,ok,0.7692592592592593,0.14,0.16013071895424835,0.5304963299545613,0.9678819444444444,0.0,1.0,0.8695834205563433
50,80,250,ok,ok,0.7692592592592593,0.14,0.16013071895424835,0.5304963299545613,0.9678819444444444,0.0,1.0,0.8695834205563433
50,80,300,ok,ok,0.7692592592592593,0.14,0.16013071895424835,0.5304963299545613,0.9678819444444444,0.0,1.0,0.8695834205563433
50,80,350,ok,ok,0.7692592592592593,0.14,0.16013071895424835,0.5304963299545613,0.9678819444444444,0.0,1.0,0.8695834205563433
50,80,400,ok,ok,0.7692592592592593,0.14,0.16013071895424835,0.5304963299545613,0.9678819444444444,0.0,1.0,0.8695834205563433
50,80,500,ok,ok,0.7692592592592593,0.14,0.16013071895424835,0.5304963299545613,0.9678819444444444,0.0,1.0,0.8695834205563433
50,100,150,ok,ok,0.7692592592592593,0.14,0.16013071895424835,0.5108353722474659,0.9769965277777778,0.0,1.0,0.8695834205563433
50,100,200,ok,ok,0.7692592592592593,0.14,0.16013071895424835,0.5108353722474659,0.9769965277777778,0.0,1.0,0.8695834205563433
50,100,250,ok,ok,0.7692592592592593,0.14,0.16013071895424835,0.5108353722474659,0.9769965277777778,0.0,1.0,0.8695834205563433
50,100,300,ok,ok,0.7692592592592593,0.14,0.16013071895424835,0.5108353722474659,0.9769965277777778,0.0,1.0,0.8695834205563433
50,100,350,ok,ok,0.7692592592592593,0.14,0.16013071895424835,0.5108353722474659,0.9769965277777778,0.0,1.0,0.8695834205563433
50,100,400,ok,ok,0.7692592592592593,0.14,0.16013071895424835,0.5108353722474659,0.9769965277777778,0.0,1.0,0.8695834205563433
50,100,500,ok,ok,0.7692592592592593,0.14,0.16013071895424835,0.5108353722474659,0.9769965277777778,0.0,1.0,0.8695834205563433
50,120,150,ok,ok,0.7692592592592593,0.14,0.16013071895424835,0.5059419783292555,0.9782986111111112,0.0,1.0,0.8695834205563433
50,120,200,ok,ok,0.7692592592592593,0.14,0.16013071895424835,0.5059419783292555,0.9782986111111112,0.0,1.0,0.8695834205563433
50,120,250,ok,ok,0.7692592592592593,0.14,0.16013071895424835,0.5059419783292555,0.9782986111111112,0.0,1.0,0.8695834205563433
50,120,300,ok,ok,0.7692592592592593,0.14,0.16013071895424835,0.5059419783292555,0.9782986111111112,0.0,1.0,0.8695834205563433
50,120,350,ok,ok,0.7692592592592593,0.14,0.16013071895424835,0.5059419783292555,0.9782986111111112,0.0,1.0,0.8695834205563433
50,120,400,ok,ok,0.7692592592592593,0.14,0.16013071895424835,0.5059419783292555,0.9782986111111112,0.0,1.0,0.8695834205563433
50,120,500,ok,ok,0.7692592592592593,0.14,0.16013071895424835,0.5059419783292555,0.9782986111111112,0.0,1.0,0.8695834205563433
50,140,150,ok,ok,0.7692592592592593,0.14,0.16013071895424835,0.5076022369800769,0.9782986111111112,0.0,1.0,0.8695834205563433
50,140,200,ok,ok,0.7692592592592593,0.14,0.16013071895424835,0.5076022369800769,0.9782986111111112,0.0,1.0,0.8695834205563433
50,140,250,ok,ok,0.7692592592592593,0.14,0.16013071895424835,0.5076022369800769,0.9782986111111112,0.0,1.0,0.8695834205563433
50,140,300,ok,ok,0.7692592592592593,0.14,0.16013071895424835,0.5076022369800769,0.9782986111111112,0.0,1.0,0.8695834205563433
50,140,350,ok,ok,0.7692592592592593,0.14,0.16013071895424835,0.5076022369800769,0.9782986111111112,0.0,1.0,0.8695834205563433
50,140,400,ok,ok,0.7692592592592593,0.14,0.16013071895424835,0.5076022369800769,0.9782986111111112,0.0,1.0,0.8695834205563433
50,140,500,ok,ok,0.7692592592592593,0.14,0.16013071895424835,0.5076022369800769,0.9782986111111112,0.0,1.0,0.8695834205563433
50,160,200,ok,ok,0.7692592592592593,0.14,0.16013071895424835,0.5102236980076896,0.9782986111111112,0.0,1.0,0.8695834205563433
50,160,250,ok,ok,0.7692592592592593,0.14,0.16013071895424835,0.5102236980076896,0.9782986111111112,0.0,1.0,0.8695834205563433
50,160,300,ok,ok,0.7692592592592593,0.14,0.16013071895424835,0.5102236980076896,0.9782986111111112,0.0,1.0,0.8695834205563433
50,160,350,ok,ok,0.7692592592592593,0.14,0.16013071895424835,0.5102236980076896,0.9782986111111112,0.0,1.0,0.8695834205563433
50,160,400,ok,ok,0.7692592592592593,0.14,0.16013071895424835,0.5102236980076896,0.9782986111111112,0.0,1.0,0.8695834205563433
50,160,500,ok,ok,0.7692592592592593,0.14,0.16013071895424835,0.5102236980076896,0.9782986111111112,0.0,1.0,0.8695834205563433
50,180,200,ok,ok,0.7692592592592593,0.14,0.16013071895424835,0.5132820692065712,0.9782986111111112,0.0,1.0,0.8695834205563433
50,180,250,ok,ok,0.7692592592592593,0.14,0.16013071895424835,0.5132820692065712,0.9782986111111112,0.0,1.0,0.8695834205563433
50,180,300,ok,ok,0.7692592592592593,0.14,0.16013071895424835,0.5132820692065712,0.9782986111111112,0.0,1.0,0.8695834205563433
50,180,350,ok,ok,0.7692592592592593,0.14,0.16013071895424835,0.5132820692065712,0.9782986111111112,0.0,1.0,0.8695834205563433
50,180,400,ok,ok,0.7692592592592593,0.14,0.16013071895424835,0.5132820692065712,0.9782986111111112,0.0,1.0,0.8695834205563433
50,180,500,ok,ok,0.7692592592592593,0.14,0.16013071895424835,0.5132820692065712,0.9782986111111112,0.0,1.0,0.8695834205563433
50,200,250,ok,ok,0.7692592592592593,0.14,0.16013071895424835,0.5162530583711988,0.9782986111111112,0.0,1.0,0.8695834205563433
50,200,300,ok,ok,0.7692592592592593,0.14,0.16013071895424835,0.5162530583711988,0.9782986111111112,0.0,1.0,0.8695834205563433
50,200,350,ok,ok,0.7692592592592593,0.14,0.16013071895424835,0.5162530583711988,0.9782986111111112,0.0,1.0,0.8695834205563433
50,200,400,ok,ok,0.7692592592592593,0.14,0.16013071895424835,0.5162530583711988,0.9782986111111112,0.0,1.0,0.8695834205563433
50,200,500,ok,ok,0.7692592592592593,0.14,0.16013071895424835,0.5162530583711988,0.9782986111111112,0.0,1.0,0.8695834205563433
50,250,300,ok,ok,0.7692592592592593,0.14,0.16013071895424835,0.5262146102761273,0.9782986111111112,0.0,1.0,0.8695834205563433
50,250,350,ok,ok,0.7692592592592593,0.14,0.16013071895424835,0.5262146102761273,0.9782986111111112,0.0,1.0,0.8695834205563433
50,250,400,ok,ok,0.7692592592592593,0.14,0.16013071895424835,0.5262146102761273,0.9782986111111112,0.0,1.0,0.8695834205563433
50,250,500,ok,ok,0.7692592592592593,0.14,0.16013071895424835,0.5262146102761273,0.9782986111111112,0.0,1.0,0.8695834205563433
60,80,150,ok,ok,0.6992592592592592,0.14,0.16013071895424835,0.5311953862285914,0.9678819444444444,0.0,1.0,0.8230165649515644
60,80,200,ok,ok,0.6992592592592592,0.14,0.16013071895424835,0.5311953862285914,0.9678819444444444,0.0,1.0,0.8230165649515644
60,80,250,ok,ok,0.6992592592592592,0.14,0.16013071895424835,0.5311953862285914,0.9678819444444444,0.0,1.0,0.8230165649515644
60,80,300,ok,ok,0.6992592592592592,0.14,0.16013071895424835,0.5311953862285914,0.9678819444444444,0.0,1.0,0.8230165649515644
60,80,350,ok,ok,0.6992592592592592,0.14,0.16013071895424835,0.5311953862285914,0.9678819444444444,0.0,1.0,0.8230165649515644
60,80,400,ok,ok,0.6992592592592592,0.14,0.16013071895424835,0.5311953862285914,0.9678819444444444,0.0,1.0,0.8230165649515644
60,80,500,ok,ok,0.6992592592592592,0.14,0.16013071895424835,0.5311953862285914,0.9678819444444444,0.0,1.0,0.8230165649515644
60,100,150,ok,ok,0.6992592592592592,0.14,0.16013071895424835,0.511534428521496,0.9769965277777778,0.0,1.0,0.8230165649515644
60,100,200,ok,ok,0.6992592592592592,0.14,0.16013071895424835,0.511534428521496,0.9769965277777778,0.0,1.0,0.8230165649515644
60,100,250,ok,ok,0.6992592592592592,0.14,0.16013071895424835,0.511534428521496,0.9769965277777778,0.0,1.0,0.8230165649515644
60,100,300,ok,ok,0.6992592592592592,0.14,0.16013071895424835,0.511534428521496,0.9769965277777778,0.0,1.0,0.8230165649515644
60,100,350,ok,ok,0.6992592592592592,0.14,0.16013071895424835,0.511534428521496,0.9769965277777778,0.0,1.0,0.8230165649515644
60,100,400,ok,ok,0.6992592592592592,0.14,0.16013071895424835,0.511534428521496,0.9769965277777778,0.0,1.0,0.8230165649515644
60,100,500,ok,ok,0.6992592592592592,0.14,0.16013071895424835,0.511534428521496,0.9769965277777778,0.0,1.0,0.8230165649515644
60,120,150,ok,ok,0.6992592592592592,0.14,0.16013071895424835,0.5066410346032856,0.9782986111111112,0.0,1.0,0.8230165649515644
60,120,200,ok,ok,0.6992592592592592,0.14,0.16013071895424835,0.5066410346032856,0.9782986111111112,0.0,1.0,0.8230165649515644
60,120,250,ok,ok,0.6992592592592592,0.14,0.16013071895424835,0.5066410346032856,0.9782986111111112,0.0,1.0,0.8230165649515644
60,120,300,ok,ok,0.6992592592592592,0.14,0.16013071895424835,0.5066410346032856,0.9782986111111112,0.0,1.0,0.8230165649515644
60,120,350,ok,ok,0.6992592592592592,0.14,0.16013071895424835,0.5066410346032856,0.9782986111111112,0.0,1.0,0.8230165649515644
60,120,400,ok,ok,0.6992592592592592,0.14,0.16013071895424835,0.5066410346032856,0.9782986111111112,0.0,1.0,0.8230165649515644
60,120,500,ok,ok,0.6992592592592592,0.14,0.16013071895424835,0.5066410346032856,0.9782986111111112,0.0,1.0,0.8230165649515644
60,140,150,ok,ok,0.6992592592592592,0.14,0.16013071895424835,0.508301293254107,0.9782986111111112,0.0,1.0,0.8230165649515644
60,140,200,ok,ok,0.6992592592592592,0.14,0.16013071895424835,0.508301293254107,0.9782986111111112,0.0,1.0,0.8230165649515644
60,140,250,ok,ok,0.6992592592592592,0.14,0.16013071895424835,0.508301293254107,0.9782986111111112,0.0,1.0,0.8230165649515644
60,140,300,ok,ok,0.6992592592592592,0.14,0.16013071895424835,0.508301293254107,0.9782986111111112,0.0,1.0,0.8230165649515644
60,140,350,ok,ok,0.6992592592592592,0.14,0.16013071895424835,0.508301293254107,0.9782986111111112,0.0,1.0,0.8230165649515644
60,140,400,ok,ok,0.6992592592592592,0.14,0.16013071895424835,0.508301293254107,0.9782986111111112,0.0,1.0,0.8230165649515644
60,140,500,ok,ok,0.6992592592592592,0.14,0.16013071895424835,0.508301293254107,0.9782986111111112,0.0,1.0,0.8230165649515644
60,160,200,ok,ok,0.6992592592592592,0.14,0.16013071895424835,0.5109227542817196,0.9782986111111112,0.0,1.0,0.8230165649515644
60,160,250,ok,ok,0.6992592592592592,0.14,0.16013071895424835,0.5109227542817196,0.9782986111111112,0.0,1.0,0.8230165649515644
60,160,300,ok,ok,0.6992592592592592,0.14,0.16013071895424835,0.5109227542817196,0.9782986111111112,0.0,1.0,0.8230165649515644
60,160,350,ok,ok,0.6992592592592592,0.14,0.16013071895424835,0.5109227542817196,0.9782986111111112,0.0,1.0,0.8230165649515644
60,160,400,ok,ok,0.6992592592592592,0.14,0.16013071895424835,0.5109227542817196,0.9782986111111112,0.0,1.0,0.8230165649515644
60,160,500,ok,ok,0.6992592592592592,0.14,0.16013071895424835,0.5109227542817196,0.9782986111111112,0.0,1.0,0.8230165649515644
60,180,200,ok,ok,0.6992592592592592,0.14,0.16013071895424835,0.5139811254806012,0.9782986111111112,0.0,1.0,0.8230165649515644
60,180,250,ok,ok,0.6992592592592592,0.14,0.16013071895424835,0.5139811254806012,0.9782986111111112,0.0,1.0,0.8230165649515644
60,180,300,ok,ok,0.6992592592592592,0.14,0.16013071895424835,0.5139811254806012,0.9782986111111112,0.0,1.0,0.8230165649515644
60,180,350,ok,ok,0.6992592592592592,0.14,0.16013071895424835,0.5139811254806012,0.9782986111111112,0.0,1.0,0.8230165649515644
60,180,400,ok,ok,0.6992592592592592,0.14,0.16013071895424835,0.5139811254806012,0.9782986111111112,0.0,1.0,0.8230165649515644
60,180,500,ok,ok,0.6992592592592592,0.14,0.16013071895424835,0.5139811254806012,0.9782986111111112,0.0,1.0,0.8230165649515644
60,200,250,ok,ok,0.6992592592592592,0.14,0.16013071895424835,0.5169521146452289,0.9782986111111112,0.0,1.0,0.8230165649515644
60,200,300,ok,ok,0.6992592592592592,0.14,0.16013071895424835,0.5169521146452289,0.9782986111111112,0.0,1.0,0.8230165649515644
60,200,350,ok,ok,0.6992592592592592,0.14,0.16013071895424835,0.5169521146452289,0.9782986111111112,0.0,1.0,0.8230165649515644
60,200,400,ok,ok,0.6992592592592592,0.14,0.16013071895424835,0.5169521146452289,0.9782986111111112,0.0,1.0,0.8230165649515644
60,200,500,ok,ok,0.6992592592592592,0.14,0.16013071895424835,0.5169521146452289,0.9782986111111112,0.0,1.0,0.8230165649515644
60,250,300,ok,ok,0.6992592592592592,0.14,0.16013071895424835,0.5269136665501573,0.9782986111111112,0.0,1.0,0.8230165649515644
60,250,350,ok,ok,0.6992592592592592,0.14,0.16013071895424835,0.5269136665501573,0.9782986111111112,0.0,1.0,0.8230165649515644
60,250,400,ok,ok,0.6992592592592592,0.14,0.16013071895424835,0.5269136665501573,0.9782986111111112,0.0,1.0,0.8230165649515644
60,250,500,ok,ok,0.6992592592592592,0.14,0.16013071895424835,0.5269136665501573,0.9782986111111112,0.0,1.0,0.8230165649515644
70,80,150,ok,ok,0.6392592592592593,0.14,0.16013071895424835,0.5259524641733659,0.9678819444444444,0.0,1.0,0.779936737459985
70,80,200,ok,ok,0.6392592592592593,0.14,0.16013071895424835,0.5259524641733659,0.9678819444444444,0.0,1.0,0.779936737459985
70,80,250,ok,ok,0.6392592592592593,0.14,0.16013071895424835,0.5259524641733659,0.9678819444444444,0.0,1.0,0.779936737459985
70,80,300,ok,ok,0.6392592592592593,0.14,0.16013071895424835,0.5259524641733659,0.9678819444444444,0.0,1.0,0.779936737459985
70,80,350,ok,ok,0.6392592592592593,0.14,0.16013071895424835,0.5259524641733659,0.9678819444444444,0.0,1.0,0.779936737459985
70,80,400,ok,ok,0.6392592592592593,0.14,0.16013071895424835,0.5259524641733659,0.9678819444444444,0.0,1.0,0.779936737459985
70,80,500,ok,ok,0.6392592592592593,0.14,0.16013071895424835,0.5259524641733659,0.9678819444444444,0.0,1.0,0.779936737459985
70,100,150,ok,ok,0.6392592592592593,0.14,0.16013071895424835,0.5062915064662705,0.9769965277777778,0.0,1.0,0.779936737459985
70,100,200,ok,ok,0.6392592592592593,0.14,0.16013071895424835,0.5062915064662705,0.9769965277777778,0.0,1.0,0.779936737459985
70,100,250,ok,ok,0.6392592592592593,0.14,0.16013071895424835,0.5062915064662705,0.9769965277777778,0.0,1.0,0.779936737459985
70,100,300,ok,ok,0.6392592592592593,0.14,0.16013071895424835,0.5062915064662705,0.9769965277777778,0.0,1.0,0.779936737459985
70,100,350,ok,ok,0.6392592592592593,0.14,0.16013071895424835,0.5062915064662705,0.9769965277777778,0.0,1.0,0.779936737459985
70,100,400,ok,ok,0.6392592592592593,0.14,0.16013071895424835,0.5062915064662705,0.9769965277777778,0.0,1.0,0.779936737459985
70,100,500,ok,ok,0.6392592592592593,0.14,0.16013071895424835,0.5062915064662705,0.9769965277777778,0.0,1.0,0.779936737459985
70,120,150,ok,ok,0.6392592592592593,0.14,0.16013071895424835,0.5013981125480601,0.9782986111111112,0.0,1.0,0.779936737459985
70,120,200,ok,ok,0.6392592592592593,0.14,0.16013071895424835,0.5013981125480601,0.9782986111111112,0.0,1.0,0.779936737459985
70,120,250,ok,ok,0.6392592592592593,0.14,0.16013071895424835,0.5013981125480601,0.9782986111111112,0.0,1.0,0.779936737459985
70,120,300,ok,ok,0.6392592592592593,0.14,0.16013071895424835,0.5013981125480601,0.9782986111111112,0.0,1.0,0.779936737459985
70,120,350,ok,ok,0.6392592592592593,0.14,0.16013071895424835,0.5013981125480601,0.9782986111111112,0.0,1.0,0.779936737459985
70,120,400,ok,ok,0.6392592592592593,0.14,0.16013071895424835,0.5013981125480601,0.9782986111111112,0.0,1.0,0.779936737459985
70,120,500,ok,ok,0.6392592592592593,0.14,0.16013071895424835,0.5013981125480601,0.9782986111111112,0.0,1.0,0.779936737459985
70,140,150,ok,ok,0.6392592592592593,0.14,0.16013071895424835,0.5030583711988815,0.9782986111111112,0.0,1.0,0.779936737459985
70,140,200,ok,ok,0.6392592592592593,0.14,0.16013071895424835,0.5030583711988815,0.9782986111111112,0.0,1.0,0.779936737459985
70,140,250,ok,ok,0.6392592592592593,0.14,0.16013071895424835,0.5030583711988815,0.9782986111111112,0.0,1.0,0.779936737459985
70,140,300,ok,ok,0.6392592592592593,0.14,0.16013071895424835,0.5030583711988815,0.9782986111111112,0.0,1.0,0.779936737459985
70,140,350,ok,ok,0.6392592592592593,0.14,0.16013071895424835,0.5030583711988815,0.9782986111111112,0.0,1.0,0.779936737459985
70,140,400,ok,ok,0.6392592592592593,0.14,0.16013071895424835,0.5030583711988815,0.9782986111111112,0.0,1.0,0.779936737459985
70,140,500,ok,ok,0.6392592592592593,0.14,0.16013071895424835,0.5030583711988815,0.9782986111111112,0.0,1.0,0.779936737459985
70,160,200,ok,ok,0.6392592592592593,0.14,0.16013071895424835,0.5056798322264943,0.9782986111111112,0.0,1.0,0.779936737459985
70,160,250,ok,ok,0.6392592592592593,0.14,0.16013071895424835,0.5056798322264943,0.9782986111111112,0.0,1.0,0.779936737459985
70,160,300,ok,ok,0.6392592592592593,0.14,0.16013071895424835,0.5056798322264943,0.9782986111111112,0.0,1.0,0.779936737459985
70,160,350,ok,ok,0.6392592592592593,0.14,0.16013071895424835,0.5056798322264943,0.9782986111111112,0.0,1.0,0.779936737459985
70,160,400,ok,ok,0.6392592592592593,0.14,0.16013071895424835,0.5056798322264943,0.9782986111111112,0.0,1.0,0.779936737459985
70,160,500,ok,ok,0.6392592592592593,0.14,0.16013071895424835,0.5056798322264943,0.9782986111111112,0.0,1.0,0.779936737459985
70,180,200,ok,ok,0.6392592592592593,0.14,0.16013071895424835,0.5087382034253758,0.9782986111111112,0.0,1.0,0.779936737459985
70,180,250,ok,ok,0.6392592592592593,0.14,0.16013071895424835,0.5087382034253758,0.9782986111111112,0.0,1.0,0.779936737459985
70,180,300,ok,ok,0.6392592592592593,0.14,0.16013071895424835,0.5087382034253758,0.9782986111111112,0.0,1.0,0.779936737459985
70,180,350,ok,ok,0.6392592592592593,0.14,0.16013071895424835,0.5087382034253758,0.9782986111111112,0.0,1.0,0.779936737459985
70,180,400,ok,ok,0.6392592592592593,0.14,0.16013071895424835,0.5087382034253758,0.9782986111111112,0.0,1.0,0.779936737459985
70,180,500,ok,ok,0.6392592592592593,0.14,0.16013071895424835,0.5087382034253758,0.9782986111111112,0.0,1.0,0.779936737459985
70,200,250,ok,ok,0.6392592592592593,0.14,0.16013071895424835,0.5117091925900035,0.9782986111111112,0.0,1.0,0.779936737459985
70,200,300,ok,ok,0.6392592592592593,0.14,0.16013071895424835,0.5117091925900035,0.9782986111111112,0.0,1.0,0.779936737459985
70,200,350,ok,ok,0.6392592592592593,0.14,0.16013071895424835,0.5117091925900035,0.9782986111111112,0.0,1.0,0.779936737459985
70,200,400,ok,ok,0.6392592592592593,0.14,0.16013071895424835,0.5117091925900035,0.9782986111111112,0.0,1.0,0.779936737459985
70,200,500,ok,ok,0.6392592592592593,0.14,0.16013071895424835,0.5117091925900035,0.9782986111111112,0.0,1.0,0.779936737459985
70,250,300,ok,ok,0.6392592592592593,0.14,0.16013071895424835,0.5216707444949319,0.9782986111111112,0.0,1.0,0.779936737459985
70,250,350,ok,ok,0.6392592592592593,0.14,0.16013071895424835,0.5216707444949319,0.9782986111111112,0.0,1.0,0.779936737459985
70,250,400,ok,ok,0.6392592592592593,0.14,0.16013071895424835,0.5216707444949319,0.9782986111111112,0.0,1.0,0.779936737459985
70,250,500,ok,ok,0.6392592592592593,0.14,0.16013071895424835,0.5216707444949319,0.9782986111111112,0.0,1.0,0.779936737459985
80,100,150,ok,ok,0.5851851851851851,0.14,0.16013071895424835,0.503582663404404,0.9769965277777778,0.0,1.0,0.73831775700888
80,100,200,ok,ok,0.5851851851851851,0.14,0.16013071895424835,0.503582663404404,0.9769965277777778,0.0,1.0,0.73831775700888
80,100,250,ok,ok,0.5851851851851851,0.14,0.16013071895424835,0.503582663404404,0.9769965277777778,0.0,1.0,0.73831775700888
80,100,300,ok,ok,0.5851851851851851,0.14,0.16013071895424835,0.503582663404404,0.9769965277777778,0.0,1.0,0.73831775700888
80,100,350,ok,ok,0.5851851851851851,0.14,0.16013071895424835,0.503582663404404,0.9769965277777778,0.0,1.0,0.73831775700888
80,100,400,ok,ok,0.5851851851851851,0.14,0.16013071895424835,0.503582663404404,0.9769965277777778,0.0,1.0,0.73831775700888
80,100,500,ok,ok,0.5851851851851851,0.14,0.16013071895424835,0.503582663404404,0.9769965277777778,0.0,1.0,0.73831775700888
80,120,150,ok,ok,0.5851851851851851,0.14,0.16013071895424835,0.49868926948619363,0.9782986111111112,0.0,1.0,0.73831775700888
80,120,200,ok,ok,0.5851851851851851,0.14,0.16013071895424835,0.49868926948619363,0.9782986111111112,0.0,1.0,0.73831775700888
80,120,250,ok,ok,0.5851851851851851,0.14,0.16013071895424835,0.49868926948619363,0.9782986111111112,0.0,1.0,0.73831775700888
80,120,300,ok,ok,0.5851851851851851,0.14,0.16013071895424835,0.49868926948619363,0.9782986111111112,0.0,1.0,0.73831775700888
80,120,350,ok,ok,0.5851851851851851,0.14,0.16013071895424835,0.49868926948619363,0.9782986111111112,0.0,1.0,0.73831775700888
80,120,400,ok,ok,0.5851851851851851,0.14,0.16013071895424835,0.49868926948619363,0.9782986111111112,0.0,1.0,0.73831775700888
80,120,500,ok,ok,0.5851851851851851,0.14,0.16013071895424835,0.49868926948619363,0.9782986111111112,0.0,1.0,0.73831775700888
80,140,150,ok,ok,0.5851851851851851,0.14,0.16013071895424835,0.500349528137015,0.9782986111111112,0.0,1.0,0.73831775700888
80,140,200,ok,ok,0.5851851851851851,0.14,0.16013071895424835,0.500349528137015,0.9782986111111112,0.0,1.0,0.73831775700888
80,140,250,ok,ok,0.5851851851851851,0.14,0.16013071895424835,0.500349528137015,0.9782986111111112,0.0,1.0,0.73831775700888
80,140,300,ok,ok,0.5851851851851851,0.14,0.16013071895424835,0.500349528137015,0.9782986111111112,0.0,1.0,0.73831775700888
80,140,350,ok,ok,0.5851851851851851,0.14,0.16013071895424835,0.500349528137015,0.9782986111111112,0.0,1.0,0.73831775700888
80,140,400,ok,ok,0.5851851851851851,0.14,0.16013071895424835,0.500349528137015,0.9782986111111112,0.0,1.0,0.73831775700888
80,140,500,ok,ok,0.5851851851851851,0.14,0.16013071895424835,0.500349528137015,0.9782986111111112,0.0,1.0,0.73831775700888
80,160,200,ok,ok,0.5851851851851851,0.14,0.16013071895424835,0.5029709891646278,0.9782986111111112,0.0,1.0,0.73831775700888
80,160,250,ok,ok,0.5851851851851851,0.14,0.16013071895424835,0.5029709891646278,0.9782986111111112,0.0,1.0,0.73831775700888
80,160,300,ok,ok,0.5851851851851851,0.14,0.16013071895424835,0.5029709891646278,0.9782986111111112,0.0,1.0,0.73831775700888
80,160,350,ok,ok,0.5851851851851851,0.14,0.16013071895424835,0.5029709891646278,0.9782986111111112,0.0,1.0,0.73831775700888
80,160,400,ok,ok,0.5851851851851851,0.14,0.16013071895424835,0.5029709891646278,0.9782986111111112,0.0,1.0,0.73831775700888
80,160,500,ok,ok,0.5851851851851851,0.14,0.16013071895424835,0.5029709891646278,0.9782986111111112,0.0,1.0,0.73831775700888
80,180,200,ok,ok,0.5851851851851851,0.14,0.16013071895424835,0.5060293603635093,0.9782986111111112,0.0,1.0,0.73831775700888
80,180,250,ok,ok,0.5851851851851851,0.14,0.16013071895424835,0.5060293603635093,0.9782986111111112,0.0,1.0,0.73831775700888
80,180,300,ok,ok,0.5851851851851851,0.14,0.16013071895424835,0.5060293603635093,0.9782986111111112,0.0,1.0,0.73831775700888
80,180,350,ok,ok,0.5851851851851851,0.14,0.16013071895424835,0.5060293603635093,0.9782986111111112,0.0,1.0,0.73831775700888
80,180,400,ok,ok,0.5851851851851851,0.14,0.16013071895424835,0.5060293603635093,0.9782986111111112,0.0,1.0,0.73831775700888
80,180,500,ok,ok,0.5851851851851851,0.14,0.16013071895424835,0.5060293603635093,0.9782986111111112,0.0,1.0,0.73831775700888
80,200,250,ok,ok,0.5851851851851851,0.14,0.16013071895424835,0.509000349528137,0.9782986111111112,0.0,1.0,0.73831775700888
80,200,300,ok,ok,0.5851851851851851,0.14,0.16013071895424835,0.509000349528137,0.9782986111111112,0.0,1.0,0.73831775700888
80,200,350,ok,ok,0.5851851851851851,0.14,0.16013071895424835,0.509000349528137,0.9782986111111112,0.0,1.0,0.73831775700888
80,200,400,ok,ok,0.5851851851851851,0.14,0.16013071895424835,0.509000349528137,0.9782986111111112,0.0,1.0,0.73831775700888
80,200,500,ok,ok,0.5851851851851851,0.14,0.16013071895424835,0.509000349528137,0.9782986111111112,0.0,1.0,0.73831775700888
80,250,300,ok,ok,0.5851851851851851,0.14,0.16013071895424835,0.5189619014330653,0.9782986111111112,0.0,1.0,0.73831775700888
80,250,350,ok,ok,0.5851851851851851,0.14,0.16013071895424835,0.5189619014330653,0.9782986111111112,0.0,1.0,0.73831775700888
80,250,400,ok,ok,0.5851851851851851,0.14,0.16013071895424835,0.5189619014330653,0.9782986111111112,0.0,1.0,0.73831775700888
80,250,500,ok,ok,0.5851851851851851,0.14,0.16013071895424835,0.5189619014330653,0.9782986111111112,0.0,1.0,0.73831775700888
90,100,150,ok,ok,0.544074074074074,0.14,0.16013071895424835,0.5081265291855994,0.9769965277777778,0.0,1.0,0.7047253538014144
90,100,200,ok,ok,0.544074074074074,0.14,0.16013071895424835,0.5081265291855994,0.9769965277777778,0.0,1.0,0.7047253538014144
90,100,250,ok,ok,0.544074074074074,0.14,0.16013071895424835,0.5081265291855994,0.9769965277777778,0.0,1.0,0.7047253538014144
90,100,300,ok,ok,0.544074074074074,0.14,0.16013071895424835,0.5081265291855994,0.9769965277777778,0.0,1.0,0.7047253538014144
90,100,350,ok,ok,0.544074074074074,0.14,0.16013071895424835,0.5081265291855994,0.9769965277777778,0.0,1.0,0.7047253538014144
90,100,400,ok,ok,0.544074074074074,0.14,0.16013071895424835,0.5081265291855994,0.9769965277777778,0.0,1.0,0.7047253538014144
90,100,500,ok,ok,0.544074074074074,0.14,0.16013071895424835,0.5081265291855994,0.9769965277777778,0.0,1.0,0.7047253538014144
90,120,150,ok,ok,0.544074074074074,0.14,0.16013071895424835,0.503233135267389,0.9782986111111112,0.0,1.0,0.7047253538014144
90,120,200,ok,ok,0.544074074074074,0.14,0.16013071895424835,0.503233135267389,0.9782986111111112,0.0,1.0,0.7047253538014144
90,120,250,ok,ok,0.544074074074074,0.14,0.16013071895424835,0.503233135267389,0.9782986111111112,0.0,1.0,0.7047253538014144
90,120,300,ok,ok,0.544074074074074,0.14,0.16013071895424835,0.503233135267389,0.9782986111111112,0.0,1.0,0.7047253538014144
90,120,350,ok,ok,0.544074074074074,0.14,0.16013071895424835,0.503233135267389,0.9782986111111112,0.0,1.0,0.7047253538014144
90,120,400,ok,ok,0.544074074074074,0.14,0.16013071895424835,0.503233135267389,0.9782986111111112,0.0,1.0,0.7047253538014144
90,120,500,ok,ok,0.544074074074074,0.14,0.16013071895424835,0.503233135267389,0.9782986111111112,0.0,1.0,0.7047253538014144
90,140,150,ok,ok,0.544074074074074,0.14,0.16013071895424835,0.5048933939182104,0.9782986111111112,0.0,1.0,0.7047253538014144
90,140,200,ok,ok,0.544074074074074,0.14,0.16013071895424835,0.5048933939182104,0.9782986111111112,0.0,1.0,0.7047253538014144
90,140,250,ok,ok,0.544074074074074,0.14,0.16013071895424835,0.5048933939182104,0.9782986111111112,0.0,1.0,0.7047253538014144
90,140,300,ok,ok,0.544074074074074,0.14,0.16013071895424835,0.5048933939182104,0.9782986111111112,0.0,1.0,0.7047253538014144
90,140,350,ok,ok,0.544074074074074,0.14,0.16013071895424835,0.5048933939182104,0.9782986111111112,0.0,1.0,0.7047253538014144
90,140,400,ok,ok,0.544074074074074,0.14,0.16013071895424835,0.5048933939182104,0.9782986111111112,0.0,1.0,0.7047253538014144
90,140,500,ok,ok,0.544074074074074,0.14,0.16013071895424835,0.5048933939182104,0.9782986111111112,0.0,1.0,0.7047253538014144
90,160,200,ok,ok,0.544074074074074,0.14,0.16013071895424835,0.5075148549458232,0.9782986111111112,0.0,1.0,0.7047253538014144
90,160,250,ok,ok,0.544074074074074,0.14,0.16013071895424835,0.5075148549458232,0.9782986111111112,0.0,1.0,0.7047253538014144
90,160,300,ok,ok,0.544074074074074,0.14,0.16013071895424835,0.5075148549458232,0.9782986111111112,0.0,1.0,0.7047253538014144
90,160,350,ok,ok,0.544074074074074,0.14,0.16013071895424835,0.5075148549458232,0.9782986111111112,0.0,1.0,0.7047253538014144
90,160,400,ok,ok,0.544074074074074,0.14,0.16013071895424835,0.5075148549458232,0.9782986111111112,0.0,1.0,0.7047253538014144
90,160,500,ok,ok,0.544074074074074,0.14,0.16013071895424835,0.5075148549458232,0.9782986111111112,0.0,1.0,0.7047253538014144
90,180,200,ok,ok,0.544074074074074,0.14,0.16013071895424835,0.5105732261447047,0.9782986111111112,0.0,1.0,0.7047253538014144
90,180,250,ok,ok,0.544074074074074,0.14,0.16013071895424835,0.5105732261447047,0.9782986111111112,0.0,1.0,0.7047253538014144
90,180,300,ok,ok,0.544074074074074,0.14,0.16013071895424835,0.5105732261447047,0.9782986111111112,0.0,1.0,0.7047253538014144
90,180,350,ok,ok,0.544074074074074,0.14,0.16013071895424835,0.5105732261447047,0.9782986111111112,0.0,1.0,0.7047253538014144
90,180,400,ok,ok,0.544074074074074,0.14,0.16013071895424835,0.5105732261447047,0.9782986111111112,0.0,1.0,0.7047253538014144
90,180,500,ok,ok,0.544074074074074,0.14,0.16013071895424835,0.5105732261447047,0.9782986111111112,0.0,1.0,0.7047253538014144
90,200,250,ok,ok,0.544074074074074,0.14,0.16013071895424835,0.5135442153093324,0.9782986111111112,0.0,1.0,0.7047253538014144
90,200,300,ok,ok,0.544074074074074,0.14,0.16013071895424835,0.5135442153093324,0.9782986111111112,0.0,1.0,0.7047253538014144
90,200,350,ok,ok,0.544074074074074,0.14,0.16013071895424835,0.5135442153093324,0.9782986111111112,0.0,1.0,0.7047253538014144
90,200,400,ok,ok,0.544074074074074,0.14,0.16013071895424835,0.5135442153093324,0.9782986111111112,0.0,1.0,0.7047253538014144
90,200,500,ok,ok,0.544074074074074,0.14,0.16013071895424835,0.5135442153093324,0.9782986111111112,0.0,1.0,0.7047253538014144
90,250,300,ok,ok,0.544074074074074,0.14,0.16013071895424835,0.5235057672142608,0.9782986111111112,0.0,1.0,0.7047253538014144
90,250,350,ok,ok,0.544074074074074,0.14,0.16013071895424835,0.5235057672142608,0.9782986111111112,0.0,1.0,0.7047253538014144
90,250,400,ok,ok,0.544074074074074,0.14,0.16013071895424835,0.5235057672142608,0.9782986111111112,0.0,1.0,0.7047253538014144
90,250,500,ok,ok,0.544074074074074,0.14,0.16013071895424835,0.5235057672142608,0.9782986111111112,0.0,1.0,0.7047253538014144
100,120,150,ok,ok,0.5088888888888888,0.14,0.16013071895424835,0.5075148549458232,0.9782986111111112,0.0,1.0,0.6745213549332789
100,120,200,ok,ok,0.5088888888888888,0.14,0.16013071895424835,0.5075148549458232,0.9782986111111112,0.0,1.0,0.6745213549332789
100,120,250,ok,ok,0.5088888888888888,0.14,0.16013071895424835,0.5075148549458232,0.9782986111111112,0.0,1.0,0.6745213549332789
100,120,300,ok,ok,0.5088888888888888,0.14,0.16013071895424835,0.5075148549458232,0.9782986111111112,0.0,1.0,0.6745213549332789
100,120,350,ok,ok,0.5088888888888888,0.14,0.16013071895424835,0.5075148549458232,0.9782986111111112,0.0,1.0,0.6745213549332789
100,120,400,ok,ok,0.5088888888888888,0.14,0.16013071895424835,0.5075148549458232,0.9782986111111112,0.0,1.0,0.6745213549332789
100,120,500,ok,ok,0.5088888888888888,0.14,0.16013071895424835,0.5075148549458232,0.9782986111111112,0.0,1.0,0.6745213549332789
100,140,150,ok,ok,0.5088888888888888,0.14,0.16013071895424835,0.5091751135966446,0.9782986111111112,0.0,1.0,0.6745213549332789
100,140,200,ok,ok,0.5088888888888888,0.14,0.16013071895424835,0.5091751135966446,0.9782986111111112,0.0,1.0,0.6745213549332789
100,140,250,ok,ok,0.5088888888888888,0.14,0.16013071895424835,0.5091751135966446,0.9782986111111112,0.0,1.0,0.6745213549332789
100,140,300,ok,ok,0.5088888888888888,0.14,0.16013071895424835,0.5091751135966446,0.9782986111111112,0.0,1.0,0.6745213549332789
100,140,350,ok,ok,0.5088888888888888,0.14,0.16013071895424835,0.5091751135966446,0.9782986111111112,0.0,1.0,0.6745213549332789
100,140,400,ok,ok,0.5088888888888888,0.14,0.16013071895424835,0.5091751135966446,0.9782986111111112,0.0,1.0,0.6745213549332789
100,140,500,ok,ok,0.5088888888888888,0.14,0.16013071895424835,0.5091751135966446,0.9782986111111112,0.0,1.0,0.6745213549332789
100,160,200,ok,ok,0.5088888888888888,0.14,0.16013071895424835,0.5117965746242572,0.9782986111111112,0.0,1.0,0.6745213549332789
100,160,250,ok,ok,0.5088888888888888,0.14,0.16013071895424835,0.5117965746242572,0.9782986111111112,0.0,1.0,0.6745213549332789
100,160,300,ok,ok,0.5088888888888888,0.14,0.16013071895424835,0.5117965746242572,0.9782986111111112,0.0,1.0,0.6745213549332789
100,160,350,ok,ok,0.5088888888888888,0.14,0.16013071895424835,0.5117965746242572,0.9782986111111112,0.0,1.0,0.6745213549332789
100,160,400,ok,ok,0.5088888888888888,0.14,0.16013071895424835,0.5117965746242572,0.9782986111111112,0.0,1.0,0.6745213549332789
100,160,500,ok,ok,0.5088888888888888,0.14,0.16013071895424835,0.5117965746242572,0.9782986111111112,0.0,1.0,0.6745213549332789
100,180,200,ok,ok,0.5088888888888888,0.14,0.16013071895424835,0.5148549458231387,0.9782986111111112,0.0,1.0,0.6745213549332789
100,180,250,ok,ok,0.5088888888888888,0.14,0.16013071895424835,0.5148549458231387,0.9782986111111112,0.0,1.0,0.6745213549332789
100,180,300,ok,ok,0.5088888888888888,0.14,0.16013071895424835,0.5148549458231387,0.9782986111111112,0.0,1.0,0.6745213549332789
100,180,350,ok,ok,0.5088888888888888,0.14,0.16013071895424835,0.5148549458231387,0.9782986111111112,0.0,1.0,0.6745213549332789
100,180,400,ok,ok,0.5088888888888888,0.14,0.16013071895424835,0.5148549458231387,0.9782986111111112,0.0,1.0,0.6745213549332789
100,180,500,ok,ok,0.5088888888888888,0.14,0.16013071895424835,0.5148549458231387,0.9782986111111112,0.0,1.0,0.6745213549332789
100,200,250,ok,ok,0.5088888888888888,0.14,0.16013071895424835,0.5178259349877665,0.9782986111111112,0.0,1.0,0.6745213549332789
100,200,300,ok,ok,0.5088888888888888,0.14,0.16013071895424835,0.5178259349877665,0.9782986111111112,0.0,1.0,0.6745213549332789
100,200,350,ok,ok,0.5088888888888888,0.14,0.16013071895424835,0.5178259349877665,0.9782986111111112,0.0,1.0,0.6745213549332789
100,200,400,ok,ok,0.5088888888888888,0.14,0.16013071895424835,0.5178259349877665,0.9782986111111112,0.0,1.0,0.6745213549332789
100,200,500,ok,ok,0.5088888888888888,0.14,0.16013071895424835,0.5178259349877665,0.9782986111111112,0.0,1.0,0.6745213549332789
100,250,300,ok,ok,0.5088888888888888,0.14,0.16013071895424835,0.5277874868926948,0.9782986111111112,0.0,1.0,0.6745213549332789
100,250,350,ok,ok,0.5088888888888888,0.14,0.16013071895424835,0.5277874868926948,0.9782986111111112,0.0,1.0,0.6745213549332789
100,250,400,ok,ok,0.5088888888888888,0.14,0.16013071895424835,0.5277874868926948,0.9782986111111112,0.0,1.0,0.6745213549332789
100,250,500,ok,ok,0.5088888888888888,0.14,0.16013071895424835,0.5277874868926948,0.9782986111111112,0.0,1.0,0.6745213549332789
